Id,class_0,class_1
00eed32682bb,0.5000000015022041,0.49999999849779586
010ebe33f668,0.5000000015022041,0.49999999849779586
02fa521e1838,0.5000000015022041,0.49999999849779586
040e15f562a2,0.5000000015022041,0.49999999849779586
046e85c7cc7f,0.5000000015022041,0.49999999849779586
