Id,class_0,class_1
00eed32682bb,0.49999999999999756,0.5000000000000024
010ebe33f668,0.49999999999999756,0.5000000000000024
02fa521e1838,0.49999999999999756,0.5000000000000024
040e15f562a2,0.49999999999999756,0.5000000000000024
046e85c7cc7f,0.5000000000000099,0.4999999999999901
