Id,class_0,class_1
00eed32682bb,0.32708055,0.67291945
010ebe33f668,0.32708055,0.67291945
02fa521e1838,0.32708055,0.67291945
040e15f562a2,0.32708055,0.67291945
046e85c7cc7f,0.32708055,0.67291945
